organization,address,website,phone,fax,email,languages,information,category
Abcd Early Headstart ,"198 Geneva Ave, Dorchester, MA 02121",,617-929-6200,,,"English, Portuguese, Spanish & Other ","Services: Full Time, Cost: N/A",Child Care and Resources
ABCD Walnut Grove Headstart,"22 Elm Hill Ave, Dorchester, MA 02121",www.childcarechoicesofboston.org,617-445-8202,,,"English, French, Spanish ","Services: Full-Time and Part-Time, Cost:N/A",Child Care and Resources
Above & Beyond SACC Program @ Morland Street ,"95 Morland St, Roxbury, MA 02119",www.brookviewhouse.org,617-265-2965,,,"English, French, Portuguese & Spanish ","Services: Full-Time and Part-Time; After School, Cost:N/A",Child Care and Resources
Aspire (Expanded Learning Program),"Lilla G. Fredrick Middle School 270 Columbia RD. Dorchester MA, 02121",,Susan Lovett: 617-778-4023,,,English ,Services: After School Program; 3:40-3:55pm. Welcome Snack; 4:00-5:00pm. Homework Help & Tutoring; 5:00-6:00pm. Enrichment Activities. Cost: $50/year,Child Care and Resources
ASPIRE After School Program/ Alliance for Inclusion & Prevention,"207 Columbia RD. Dorchester, MA 02121",www.childcarechoicesofboston.org,617-635-1650,,,English ,Services: Part-Time. Cost: N/A,Child Care and Resources
Au Co Preschool ,"42 Charles St Dorcester, MA 02121",www.viwraid.org,617-822-3717,,,English & Vietnamese,Services Full-Time and Part-Time. Cost: N/A,Child Care and Resources
Basics Tutorial-Mather School ,"1 Parish St, Dorchester MA 02122",www.bellnational.org,617-635-8789,,,"English, Spanish & Vietnamese",Services: Part-Time; After School. Cost: N/A,Child Care and Resources
Basics Tutorial-Thomas Kenny School ,"19 Oakton Av Dorchester, MA 02122",www.bellnational.org,617-963-6277,,,"English, Spanish & Other",Services: Full-Time; After School. Cost: N/A,Child Care and Resources
Vird Street Cmty Ctr. ASP @ Higginson-Lewis K2-8 Before and After ,"131 Walnut Ave Roxbury,Ma 02119",www.childcarechoicesofboston.org,617-282-6110,,,English & Other ,Services: Full-Time; Before School; After School. Cost: N/A,Child Care and Resources
Boston Debate League ,"Boston Debate League 54 Canal Street 4th Floor, Boston MA 20114",www.bostondebate.org,857-350-4274,,info@bostondebate.org,English," After School Debate League lncludes students from highest to lowest achieving, students with a master of the English language and English language learners. Helps students with critically thinking, literacy, civic awareness, self-efficacy and resiliency. Cost: N/A",Child Care and Resources
Boys and Girls Club @ Yawkey Club,"115 Warren St, Roxbury MA 02119",www.bgcb.org,617-427-6050,,,English & Spanish,"Services: Full-Time and Part-Time; After School, Cost:N/A. Locations: clubs, yawkey, cfm",Child Care and Resources
Bradshaw Children's Learning Program,64 Bradshaw St Dorchester MA 02121,www.childcarechoicesofboston.org,617-282-2327,,,"English, Chinese, French, Portuguese & Spanish",Services: Full Time. Cost:N/A,Child Care and Resources
Children's Services of Roxbury Early Care & Education Center ,520 Dudley St Roxbury MA 02119,www.csrox.org,617-445-6655,,,English & Spanish,Services: Full-Time. Cost: N/A,Child Care and Resources
College Bound Dorchester out of school time at Holland Elementary,"85 Olney St Dorchester MA, 02121",www.childcarechoicesofboston.org,339-235-2253,,,English & Spanish,Services: Full-Time; Part-Time. Cost:N/A,Child Care and Resources
Crispus Attucks Children's Center ,"105 Crawford St, Dorchester MA 02121",www.cripus-attucks.org,617-445-1420,,,"English, French, Greek,Spanish & Other ",Services: Full-Time. Cost: N/A,Child Care and Resources
Dimock Early Intervention Program,"1800 Columbus St, Roxbury MA 02119",www.dimock.org,617-442-8800,,,"English,French,Portuguese,Spanish & Other",Services: Full-Time and Part-TIme; Before School;Ater School. Cost:N/A,Early Intervention
Dorchester Head-Start Ave,198 Geneva Ave Dorchester MA 02121,,617-929-6211,,,"English, French, Portuguese, Spanish & Vietnamese",Services: Full-Time and Part-Time. Cost: N/A,Child Care and Resources
Gertrude E. Townsend Headstart,198 Geneva Ave Dorchester MA 02121,,617-288-9150,,,"English, French, Portuguese & Spanish ",Services: Full-Time and Part-Time ,Child Care and Resources
Goodwill Mellon Academy ,1010 Harrison Ave Roxbury MA 02119,,617-541-1434,,,English,Services: N/A. Cost:N/A,
Hawthorne After School Program,9 Fulda St Roxbury MA 02119,,617-427-0613,,,English & Spanish ,Services: Full-Time;After School. Cost:N/A,Child Care and Resources
Holland Community Center ,88 Olney St Dorchester MA 02121,imajinetthat.com,617-635-5144 -or- 781-929-2858,,BCYFHolland@boston.gov,English & Spanish ,Services: Full-Time; After School. Cost: N/A,Community Center 
Huntington Avenue YMCA @ King K-8 School,77 Lawrence Ave Dorchester MA 02121,ymcaboston.org/huntington,617-595-6554,,,English,Services: Part-Time; After School. Cost: N/A,
Huntington Avenue YMCA @ Mason School,150 Norfolk Ave Roxbury MA 02119 ,www.ymcaboston.org,617-620-9077,,,English,Services: Full-Time; After School. Cost: N/A,
Latino STEM Alliance,,www.latinostem.org,,,info@latinostem.org,English & Spanish,"After-School Robotics Programming. The students learn to build and program a robot. Field Trips, hands on experience with engineering and the design process Participate in the Inter-School robotics competition and science expo. Cost: N/A",
Leahy Holloron Community Center Preschool Program ,1 Worrell St Dorchester MA 02121,www.childcarechoicesofboston.org,617-348-6465,,,English ,Services: Part-Time. Cost: N/A,Community Center 
Little Sprouts LLC,"815 Albany St Boston MA, 02119 ",www.littlesprouts.com,617-708-1714,,,English & Spanish ,Services Full-Time and Part-Time; Emergency Cost: N/A,Child Care and Resources
N.I.C.E. Inc ,2990 Washington St Roxbury MA 02119 ,www.niceinc.org,617-445-3766,,,"English, Portuguese & Spanish ",Services: Full-Time. Cost: N/A,
Neponset Child Care ,281a Neponset Ave Dorchester MA 02122,www.childcarechoicesofboston.org,617-265-2665,,,English ,Services: Full-Time. Cost: N/A,Child Care and Resrouces
Paige Academy ,26-40 Highland Ave Roxbury MA 02119,www.paigeacademy.org,617-442-5419,,,"English, French, Portuguese, Spanish & Other",Services: Full-Time and Part-Time' Before School; After School,Child Care and Resrouces
Roxbury Weston Programs Inc. SACC/CATCH,81 Walnut Ave Roxbury MA 02119,www.childcarechoicesofboston.org,617-427-2086,,,English ,Services: Full-Time;After School. Cost:N/A,
Roxbury YMCA Child Care Center ,"285 Martin Luther Kind Blvd Roxbury, MA 02119",www.childcarechoicesofboston.org,617-427-5300,,,English & Spanish ,Services: Full-Time;After School. Cost:N/A,Child Care and Resources
Sunnyside Day Nursery ,"11 Mount Pleasant Ave Roxbury, MA 02119",www.nurturyboston.org,617-442-8800,,,"English,Portuguese & Spanish ",Services:Full-Time. Cost:N/A,Child Care and Resources
The Abantwana Learning Center ,30 Dimock St Roxbury MA 02119,www.dimock.org,617-427-8800,,,"English, French, Portuguese, Spanish & Other",Services: Full-Time' Before School. Cost: N/A ,
The Edgerley Family Community Children's Center ,"1705 Columbus Ave Roxbury, MA 02119",www.horizonschildren.org,617-445-1480,,,English ,Services: Full-Time and Part-Time. Cost: N/A,Child Care and Resrouces. Community Center 
The Gate House Head Start Program ,56 Dimock St Roxbury MA 02119 ,www.dimock.org,617-442-8800,,,"English, French, Portuguese, Spanish & Other",Services: Full-Time. Cost: N/A,Child Care and Resrouces
Twelfth Baptist Curch Christian Preschool ,150-160 Warren St Roxbury MA 02119,www.tbcboston.org,617-427-0273,,,"English, French & Other",Services: Full-Time; After School. Cost: N/A,Child Care and Resources
UCCC @ Ellis ,"302 Walnut Ave Roxbury, MA 02119",www.birdstreet.org,617-635-8257,,,English & Other ,Services: Part-Time; After School. Cost: N/A,
UCCC @ Nathan Hale ,51 Cedar St Roxbury MA 02119,www.birdstreet.org,617-282-6110,,,English & Other ,Services: Part-Time; After School. Cost: N/A,
Vine St Community Centers - SACC Program ,339 Dudley St Roxbury MA 02119,,617-635-1285,,,English & Spanish ,Services; Full-Time and Part-Time; After School; Emergency ,Community Center 
Yawkey Konbit Kreyol Center ,185 Columbia Rd Dorchester MA 02121,www.ccab.org,617-506-6930,,,"English, French, Italian, Portuguese & Other ",Services: Full-Time and Part-Time ,
Action for Boston Community Development (ABCD) ,"Central Office: 178 Tremont Street, Boston MA 02111",bostonabcd.org,617-348-6000,,,English,"Adult Education and Training, Child Care Choices of Boston, Educator Provider Supoort (EPS) Grant, Elder Services, Energy and Fuel Services, Head Start & Early Childhood Education, Health Services, Housing, Immigrantion Services, Jobs and Job Training, Financial Futures Initiative, Nutrition and Food, Yout Programs and Other Services. Cost: N/A",Community Center 
Codman Square Computer Learning Center ,108 Columbia Rd Dorchester MA 02124,,617-606-7078,,prince@scndc.com,English,"Free access to computer stations with internet. Teach basic computer skills, career services, (K-12 tutoring), Adult Education, Video Production Techniques. Cost: N/A",Community Center 
Dorchester YMCA Columbia I&II,"102 Columbia Rd, Boston, MA 02121",ymcaboston.org/dorchester ,617-445-9622,,,English,"This YMCA branch is home to a dedicated computer lab staffed by Boston Public Schools, which offers at-risk youth the opportunity to make up high school credits. Cost: N/A",Community Center 
Neighborhood Development Corporation of-Grove Hall,7 Chene Street Dorchester MA 02121,www.grovehallndc.org,617-445-2284,,contact@grovehallndc.org,English,"The MOM program which helps men and women develop computer skills: resume writing, search for online employment, training for computer based job skills. Afterschool program computer training software: reading, math, scienc, social studies, phonetics. Cost: N/A",Community Center 
Osiris Family Insitiute ,"184 Dudley Street, Roxbury MA 02119 ",www.osirisinsititute.com,617-4442-2002,,,English,Empowering Clients to become healthy vibrant families.Cost:N/A,Community Center 
Roxbury Multi-Service Center ,434 Warren Street Dorchester MA 02121,www.roxmulti.com,617-989-0292,,,English,"Roxbury Multi-Service Center, Inc (EMSC) provides behavioral health, education programs and housing. Cost: N/A",Community Center 
SCI Social Capital Inc. ,"165M New Boston Street, suite 23 Woburn, MA 01801",www.socialcapitialinc.org,781-935-2244,,,English,"They train youth leaders and community leaders on how to build social capitial. They have a website that collects information about community events, volunteer opportunities, local resources. Cost:N/A",Community Center 
VietAID (Vietnamese American Initiative for Development),"Vietnamese American Community Center 42 Charles St, Suite E Dorchester MA 02122",www.vietaid.org,617-822-3717/ Hue 612-636-1768,,,Vietnamese & English ,"Real Estate, Tod Strategy, 1st Time Home Buying Foreclosure, Sanyo Digital Camera, Au Co Preschool, Family Child Care, After School, Nail Salon, Energy Saving, Small Business. Cost:N/A",Community Center 
Vietnamese American Civic Association (VACA) ,42 Charles Street Dorchester MA 02122 (Viet-AID building),mydorchester.org/civic/vaca,617-288-7344,,,Vietnamese & English ,"Engaging Youth, Building Bridges, Developing Community Leaders & Connecting Citizens. ",Community Center 
Familu Autism Center ,789 Clapboardtree S. Westwood MA 02090,www.arcsouthnorfollk.org,781-762-4001,,,English,"Contact Name: Brian Clark- Director. Alec-training-specialized training for public safety, law enforcement and medical personal. They offer support services, seminars, training, workshops, paretn-to-parent Networking. Cost:N/A",Disabilities & Special Needs
Boston Student Rights ,,http://www.bostonstudentsrights.org,,,,English,"App designed by and for Boston Public Schools students and families to help understand their rights, suspension and expulsion policies, responsibilities, stay connected to other students in the district. Also more resources are available in the app. Cost: Free",Family Support 
Catholic Charities/ YAWKEY CENTER,"YAWKEY CENTER- Dorchester Catholic Charities Greater Boston 185 Columbia Road, Dorchester MA 02121",www.ccab.org,617-506-6600,,,English/ Cape Verdean & Cerole,"Child Care, GED, Nursing Assistants, ESL, Parent Aide, Young Parent Programs, SNAP, WIC,SSI. Counseling services, Community Interpreter Services, Refugee and Immigrant Services. Cost:N/A",Family Support 
Daily Table ,450 Washington St. Dorchester MA 02124,www.dailytable.org,617-506-0219,,,English,Variety of Foods prepared fresh daily. Cost: Low cost.,Family Support 
Food & Nutrition Services- Boston Public Schools ,"370 Columbia Rd, Boston MA 02125",www.bostonpublicschools.org/fns,617-635-9144,,,English,Offers summer and afterschool meal programs. Cost:N/A,Family Support 
Furniture Bank ,"15 Bubier Street, Lynn MA ",www.mahomeless.org,781-595-7570x11,,,English ,"Provides furniture for families in need. Family must bring a photo ID, and the ability to trandport furniture. Cost:N/A",Family Support 
Metro South Insurance ,"835 Dorchester Ave, Dorchester, MA 02125",www.metrosouthinsurance.com,617-287-8888 -or- 617-438-8768,,jhonnguyen@metrosouthinsurance.com,Vietnamese & English ,"John Nguyen, Producer/Principle",Family Support 
Project Bread,"Project Bread 145 Border Street, East Boston, MA 02128",http://www.projectbread.org,Hotline: 1-800-645-8333,,,"English, Spanish, Chinese, Korean, Russian, Somali, Vietnamese, Arabic, Haitian Cerole, French, Khmer, Portuguese, Italian, Polish & Greek",Project Bread connect people to locak food resrouces and enable them to participate in their local food economies and the marketplace. Cost: Free. ,Family Support 
Rogerson Communities,"1 Florence Street, Boston MA 02131",,617-469-5800,,info@rogerson.org,English,Provides housing and healthcare for elders and low income families. Fitness and memory loss training. Cost: N/A,Family Support 
Roxbury Community College Division of Continuing Education,"Workforce Development Programs Room 106, Academic Building (Bldg #3) 1234 Columbus Ave Roxbury Crossing, MA 02120",,617-541-5306 / Leah Barton Clerical Staff Support ,,lbarton@rcc.mass.edu ,"English, French & Spanish ",Workforce Training Program. Cost:N/A ,Family Support 
Spencer House ,"203R Columbus Avenue Roxbury, MA 02119",,617-427-5500,,spencer@rogerson.org,English,"Affordable Elderly Housing Income eligible (60% of HUD Boston Median Income), head of household must be 62 y/o.  Cost:N/A",Family Support 
The Commonwealth of Massachusetts Executive Office of Labor and Workforce Development of Unemployment Assistance ,"TeleClaim Center at (877) 626-6800 from area codes 351,413,508,774, and 978 or (617) 626-6800 from any other area code. ",www.mass.gov/wd/unemployment-insur/,Jaimie: 508-766-5710,,jsibbald@etrcc.com,English ,"M-F, 8:30-4:30pm; Unemployment Support",Family Support 
WIC,,mass.gov/wic,1-800-942-1007,,,English/Spanish/Chinese/Korean/Russian/Somali/Vietnamese/Arabic/Haitian Creole/French/Khmer & Portuguese,"WIC provides supplemental foods, healthcare referrals, nutrition education, and breastfeeding promotion and support to low-income pregnant, breatfeeding, and postpartum women, and to infants and children up to age five who are found to be at nutritional risk. Cost: Free",Family Support 
Dorchester House Multiservice Center ,"1353 Dorchester Ave, Dorchester, MA 02122",www.dorchesterhouse.org,617-288-3230,,,English ,"Adult Medicine, Behavioral Health, Dental Care, Eue Care Clinic, Family Medicine, HIV Services, Lab, Mammography, Nutrition, Pediatrics, Pharmacy, Physical Therapy, Specialty Care, Urgent Care, Womens Health. Cost: N/A",Health
Health Connection ,1010 Massachusetts Avenue Boston MA 02118,www.bphc.org,617-534-5050,,,English ,"They assist people in applying for health insurance, or renewals. Cost: N/A ",Health
Tufts University School of Dental Medicine ,"1 Kneeland St. Boston, MA 02111",http://dental.tufts.edu/patient-care/,617-636-6882,,,English ,Dental Care. Cost:Low Cost,Health 
Whittier Street Health Center ,"1290 Tremont Street Roxbury, MA 02120",,617-427-1000,,contact@wshc.org,Spanish/English/Somali/Arabic,"M-F 8:30-8pm, Sat 8:30-5pm. Adult Medicine, Dermatology, Geriatrics, HIV, LGBTQ clinic, OB/GYN, Orthopedics, Podiatry, Pediatrics/Adolescents Behavioral Health and Substance Abuse, Domestic Violence Counseling & Support Clinical Pharmacy, Nutrition, Art Therapy, Cancer Center, Laboratory, Urgent Care, Eye Care, Eyewar Dispensary, Dentistry, Oral Surgery and Orthodontics. Cost:N/A",Health
Millennium House I,"471 Dudley St. Roxbury, MA 02119",,617-445-9112  x 235,,sgold@csrox.org,English,Shelter/Scattered Site. Cost:N/A,Homelessness
Nazareth Residence for Mothers and Children ,"91 Regent St, Roxbury, MA 02119",www.ccab.org/?q=shelter-services,617-541-0100,,,English,"Families served are homeless mothers and their children. At Nazareth, families are able to maintain their independence while they transition to permanet housing. Cost:N/A",Homelessness
Sojourner House ,"85 Rockland St. Roxbury, MA 02119",,617-442-0590,,sunshine7712@aol.com,English,Shelter/Scattered Site. Cost:N/A,Homelessness
St. Mary's Center for Women and Children ,"90 Cushing Ave, Dorchester MA 02125",www.stmaryscenterma.org,617-436-8600,,,English,"Provides housing, shelterm food and education for at-risk women and children. A family-centered short-trm crisis intervention residential program, provides families with shelter and support as they transition from homelessness to independent living. Youth development program for at-risk girls, web-based broadcasting station. Prepares women and their families, by offering skills ro manage finances, and pursue education and employment. Massachusetts Maternity First Home, supportsa housing program that provides 12 homeless families at any one time with the tools, development experience, and learning opportunities. Equips pregnant and parenting teens with skills to improve the emotional, educational and economic well-being of themselves and their children. Cost:N/A",Homelessness
St. Ambrose Shelter,"25 Leonard St. Dorchester, MA 02122",www.ccab.org/?q=shelter-services,617-288-7675,,richardfreitas@ccab.org,English,"Nazareth Residence, Roxbury- Narareth Residence provides homeless mothers and children. St. Ambrose Family Shelter, Dorchester- St. Ambrose Family Shelter provides shelter and support. Cost:N/A",Homelessness
Budget Buddies ,"Lilla G. Frederick Middle School 270 Columbia Rd Dorchester, MA 02121",,Zoila Ricciardi: 617-778-4023,,,English,Financial Coaching for Low-Income Women every other Tuesday. Cost;Free,Housing & Financial Couseling
City Life Vida Urbana (CLVU),"284 Amory Street, First Floor Jamaica Plain, MA 02130",www.clvu.org,617-524-3541,,,English,"Community Organization, they help to build strong tenants associations that work together to baragain collectively with corporate iandlords and to demand policy change. NEW ROAD Network's tenant organizing/anti-foreclosure meetings CL/VU Boston:Every Tuesday Night, 6:30 at 284 Amory Street in Jamaica Plain (on the first floor) CL/VU North Side: Every Wednesday Night, 6:30 at 28 Paris Street in East Boston Chelsea Citywide Tenant Association (Chelsea Collaborative), Last Thursday of every month. 6:00pm at 318 Broadway St, Chelsea. Cost:N/A",Housing & Financial Couseling
Codman Square Neighborhood Development Corporation,"587 Washington St. Boston, MA 02124",www.csndc.com,617-825-4044,,,English & Spanish ,"HUD-Certified housing counseling agency, services are free of change. Computer learning center (basic computer skills, career services, k-12 tutoring, adult education, video production techniques), financial literacy, housing search, foreclosure prevention. Cost:N/A",Housing & Financial Couseling
Inner City Capital Connections ,"184 Dudley St. Roxbury, MA 02119",www.icic.org,,,,English,Private sector investment into local business ,Housing & Financial Couseling
Massachusetts Housing Partnership (MHP) ,"160 Federal Street Boston, MA 02110",www.mhp.net,617-330-9955,,,English,They help to increase the supply of affordable housing. They helping with rental financing and first-time home buyer programs and mortgages. Cost:N/A,Housing & Financial Couseling
Office of Business Development- Boston's Business Resource ,"1 City Hall Square Boston, MA 02201",www.boston.gov/departments/economic-development,"Lauren Jones, Director of Business Strategy: 617-635-5729",,,English,Support of business needs. Cost:Free,Housing & Financial Couseling
Qunicy Geneva Housing Development ,"320 Blue Hill Ave. Boston, MA 02121",www.quincygeneva.org,617-442-5711,,,English,Provide affordable rental homes through renovation and new construction. Preserve the supply and quality of affordable rental housing. Encourage and assist local commercial development. Develop economic and employment opportunities. Supports residents with social and family service programs. Improving residents quality of life and ensure public safety. Cost:N/A ,Housing & Financial Couseling
Residential Assistance for families in Transition (RAFT) ,,www.masss.gov/hed/housing/stabilization/residential-assistance-for-families-in-transition.html,1-800-224-5124,,,English,"Offers short-term financial assistance to low-income families who are homeless or at rish of becoming homeless. Financial assistance for moving cost, rent, utility arrears, ental stripends, security deposits, utility start-up costs, first/last month rent, and furniture (Limit $1,000). Up to $4,000 in a 12 month period. Cost:N/A",Housing & Financial Couseling
Bay Cove Human Services ,"66 Canal Street, Boston, MA 02114",www.baycove.org,617-371-3000,,,English & Spanish ,"Early intervention for preschoolers, and support for families. Dug and alcohol treatment- outpatient methadone, inpatient detox, bilingual counseling services. Development disabilities- job placement, family support, 24hr staffed homes. Adolescent transition services, career counseling, and therapy. Provide elderly day services, meals on wheels, transportation services and senior housing. Provide housing and rehab for patients with psychiatric disorders. Cost;N/A",
Project RIGHT ,"Project R.I.G.H.T Inc 320A Blue Hill Ave. Dorchester, MA 02121",www.projectrightinc.org/ www.facebook.com/PRI.GroveHall/ ,617-541-5454,,,English & Others ,"Arts, Civic Engagement, Public Safety, Sports, Substance Abuse, Trauma & Youth Development. Cost:N/A",
Dorchester House Multi-Service Center ,"1353 Dorchester Ave, Dorchester, MA 02122",www.dorchesterhouse.org,617-288-3230,,,English,"Dorchester House Multi-Service Center, a Federally Qualified Health Center, has been providing some of the best health care available to Boston's underserved populations for the past four decades. Cost: N/A ",Immigrant Services 
La Alianze Hispana ,409 Dudley Street Roxbury MA 02119 ,www.laailanza.org,617-427-7125,,,English,"Workforce and Learning programs: ESOL, computer clasees, after school academic enrichment. Health and Human Services programs: Senior Center, Family Counseling Center (mental health services), Parent Mentoring, Madres en Processo (Health Start), enrollment. Cost:N/A",Immigrant Services 
Nazareth Residence for Mothers and Children ,"91 Regent St, Roxbury, MA 0219 ",www.ccab.org/?q=shelter-services,617-541-0100,,,English,"Families served are homeless mothers and their children. At Nazareth, families are able to maintain their independence while they transition to permanent housing. Cost:N/A",Immigrant Services 
Asian American Civic Association (AACA),"87 Tyler St. Boston, MA 02111",www.aaca-boston.org/english ,617-426-9492 x250,,,English ,English for Immigrant Adults. Cost:Low Cost,
St. Mark Community Education Program ,"20 Roseland St. Dorchester, MA 02124",http://www.stmarksesol.org,617-288-8515,,,English ,"English Classes, Conversation Group, Computer Classes, CItizenship Classes, & General Infomation. Cost:Low Cost",
Guide to Legal Services ,"Sufflok County Probate & Family Court. 24 New Chardon Street, 3rd Floor Boston, MA 02114",www.probatecourtiannella.com,617-788-8300,,,English ,"The website has the latest information about probate and family law resources. They include: law referral services, Pro Bono Legal Assistance, Legal Aid Services, specialized legal services (Domesti violence, disabilities, Housing & Homelessness, Immigrantion, Civic RIghts & Discrimination, Children's Right. Cost: N/A",
Big Sisters ,,www.bigsister.org,617-236-8060,,,English & Spanish ,"Big Sisters are volunteers, ages 20 and older, who are committed to hlp girls between ages 7-15 years old. Cost:Free",Mentoring Programs 
Success Boston- College Completion Initiative ,,www.successboston.org,Elizabeth Pauley: 617-338-2685,,elizabeth.Pauley@tbf.org,English ,"High school seniors or recent grauates can get connected to a transition coah, someone to provide mentoring and help with navigating cmapus, connecting with peers, accessing on-campus resources, and solving problems--easing the transition to college. Cost:Free",Mentoring Programs 
Tenacity,Lilla G. Frederick Middle School 270 Columbia Rd. Dorchester MA 02121,,"Debbie Dowlin, Site Director & Academic Coordinator- 617-388-2327",,debbydowlin@tenacity.org tenacity.org,English & Spanish ,"Elementary Program, Middle School Academy, College Prep & Post-Secondary Services. Cost:Free",Mentoring Programs 
Boston Police ,"Office of the Police Commissioner 1 Schroeder Plaza, Boston, MA, 02120",bpdnews.com/osic/,William G. Gross- 617-343-8309,,william.gross@pd.boston.gov,English ,"William G. Gross, Superintendent-In-Chief",Municipal Agency
Boston Police ,"District C-11:CSO 40 Gibson St. Dorchester, MA, 02122",,617-436-7075,,lieu.nguyen@pb.boston.gov ,Vietnamese & English ,"Lieu Nguyen, Vietnamese Youth Liaison",Municipal Agency
Massachuesetts Senate ,"Massachusetts State House 24 Beacon St, Room 410, Boston, MA 02133",www.masenate.gov ,617-722-1150,,Linda.DorcenaForry@masenate.gov ,"English, French &Haitian Creole","J. Theodore Chery, Director of Constituent Services and International Affairs for Massachusetts Senator Linda Dorcena Forry. He is the primary contact for all constituent communication including liaising with state, local, and federal offices; working with neighborhood organizations and coordinating town hall mettings. ",Municipal Agency
Mayor's Office of Neighborhood Sevices City of Boston ,"City Hall. 1 City Hall Square, Room 805, Boston MA 02201",,617-635-4873,,khoa.pham@boston.gov,Vietnamese & English ,"Khoa L. Pham, Vietnamese Liaison",Municipal Agency
MBTA Transit Police Department ,"240 Southhampton St. Boston, MA 02118",www.mbta.com/transitpolice,Kenneth Green: 617-222-1001 or 617-780-8952,,kgreen@mbta.com,English ,"Kenneth Green, Deputy Chief",Municipal Agency
Boston College Athletic Department ,"Office of External Operations 140 Commonwealth Aveune, Chestnut Hill, MA 02467 Conte Forum, Suite 238",,617-552-3005,,,English ,"Requesting signed memorabilia, discounted tickets, or promotional appearences. Cost:N/A",Recreation
Fenway Culture District ,"The Fenway Alliance 337A Huntington Ave, Boston, MA 02115",http://fenwayculture.org/category/the-fenway-cultural-district/,617-437-7544,,info@fenwayculture.org,English ,Provide a culture opportunities for individuals and families throughout the region. Cost:N/A,Recreation
Healthworks Community Fitness,"450 Washington St. Dorchester, ma 02124",www.healthworkscommunityfitness.org,617-825-2800,,fitnessdirector@healthworkscommunityfitness.org,English & Spanisih ,Woman Fitness Program ,Recreation
Kroc Center ,"The Salvation Army Ray & Joan Kroc Corps Community Center 650 Dudley Street Boston, MA 02125",bostonkroc.salvationarmy.org/BostonKroc/,617-318-6900,,,English ,"Aquatic Programs,Corp (Church), Creative Arts, Culinary Training, Education & Youth, Fitness, Sports & Recreation & Senior Programming. Cost:Low Cost",Recreation
All Saints Penteconstal House of Prayer ,"50 Guild Street, Roxbury, MA 02119",,617-442-6319,,,English ,Services: N/A. Cost:N/A,Religious Institutions 
Alpha And Omega Church ,"51 Adams ST, Roxbury, MA 02119-2637",,617-436-5473,,,English ,Services: N/A. Cost:N/A,Religious Institutions 
Bahai Centre ,"959 Albany St, Boston, MA 02119",www.bahai.org,,,,English ,Services: N/A. Cost:N/A,Religious Institutions 
Berea Seventh-Day Adventist Church ,"108 Sever St, Dorchester MA 02121",,617-427-2201,,,English ,Services: N/A. Cost:N/A,Religious Institutions 
Bethel Baptist Church ,"18 Saint James, Street Roxbury, MA 02119 ",,617-445-0584,,,English ,Services: N/A. Cost:N/A,Religious Institutions 
Bethel Bible Institue Church ,"112 Humboldt Ave, Dorchester, MA 02121",,617-427-3948,,,English ,Services: N/A. Cost:N/A,Religious Institutions 
Bethlehem Temple Church ,"14 Rockland Street Roxbury, MA 02119",,617-442-2959,,,English ,Services: N/A. Cost:N/A,Religious Institutions 
Beulah Pilgrim Holiness Church ,"455 Blue Hill Avenue, Dorchester, MA 02121",,617-427-6824,,,English ,Services: N/A. Cost:N/A,Religious Institutions 
Beulah Pilgrim Holiness Church ,"615 Warren St, Dorchester, MA 02121",,617-445-8535,,,English ,Services: N/A. Cost:N/A,Religious Institutions 
Boston Missionary Baptist Church,"336 Dudley Street, Roxbury, MA 02119",www.mybmbc.org,617-427-4448,,,English ,Sunday at 8:00AM-10:00AM English Service: Sunday at 10:30AM-11:30AM Sunday School at 11:30 AM-1:30PM. Creole/French Service,Religious Institutions 
Centro Cristiano Emanuel ,94 Warren Street Roxbury MA 02119,,,,,English & Spanish ,Services: N/A. Cost:N/A,Religious Institutions 
Charles Street AME Church ,"551 Warren St, Dorchester MA 02121",,617-442-7770,,,English ,"Worship Services: Sundays- 8:00AM &11:15AM Wednesday- 7:30 PM. Church School: Sundays- 9:30AM. Bible Study: Wednesday- 6:00PM, Saturdays-8:00AM",Religious Institutions 
Christ Apostolic Church Mount Joy ,"276 Blue Hil Ave, Boston MA 02123",,617-442-3145,,,English ,Services: N/A. Cost:N/A,Religious Institutions 
Christian Science Church ,"33 Elm Ave, Dorchester, MA 02121",,617-442-8448,,,English ,Sunday: 10:45AM (childcare available). Sunday School: 10:45AM. Wednesday:8:00PM (childcare available),Religious Institutions 
Church Of Christ In Roxbury ,"81 Walnut Aveune Roxbury, MA 02119",www.churchofchristroxbury.org,617-442-5826,,,English ,9:30am- Bible Study (All Ages). 10:30am - Morning Worship. 5:00pm - Evening Worship (1st Sunday). 5:00pm - Spiritual Development Class (2nd Sun.). 5:00pm - Men's/Women's Classes (4th Sun.),Religious Institutions 
Church Of God In Christ,"3 Regent Street, Roxbury, MA 02119",,617-427-9885,,,English ,Services: N/A. Cost:N/A,Religious Institutions 
Church Of God Of Prophecy ,"270 Warren Street, Roxbury MA 0219",cogop.org,617-427-7766,,,English ,Services: N/A. Cost:N/A,Religious Institutions 
Community Gospel Chapel ,"8 Intervale St, Boston MA 02121",,617-427-4023,,,English ,Services: N/A. Cost:N/A,Religious Institutions 
"Community House Of Prayer & Worship, The","14 Crawford St, Dorchester, MA 02121-3815",,,,,English ,Services: N/A. Cost:N/A,Religious Institutions 
Denfenders Of The Chrstian Faith ,"10 E Cottage St, Boston, MA 02119",www.defendersboston.org/#home,617-445-2008,,,English ,Sunday at 10:00AM Sunday at 12:15AM,Religious Institutions 
Deliverence Faith Tabernacle ,"102 Lawrence Ave, Boston, MA 02121",,617-427-4217,,,English ,Services: N/A. Cost:N/A,Religious Institutions 
Eglise De Dieu Sinai,"28 Palmer St, Roxbury, MA 02119",,617-296-5998,,,English & French ,Services: N/A. Cost:N/A,Religious Institutions 
Eliot Church Of Roxbury ,120 Walnut Avenue Roxbury MA 02119,,617-445-7525,,,English,Services: N/A. Cost:N/A,Religious Institutions 
Emmanuel Temple Pentecostal Church ,"471 Warren St, Boston, MA 02121",,617-442-8500,,,English,Services: N/A. Cost:N/A,Religious Institutions 
End Time Prophetic Deliverance Center,"455 Blue Hill Ave, Roxbury, MA 02121-4301",,,,,English,Services: N/A. Cost:N/A,Religious Institutions 
Ethiopian Evangelical Church In Boston,"2566 Washington St, Roxbury, MA 02119",www.eecboston.org/2014/index.php/en/,617-427-1440,,,English,Sunday 10AM-12:30PM,Religious Institutions 
Faro Divinio (Free Methotist Church),"203 Blue Hill Avenue, Boston, MA 02119",,617-652-7078,,,English & Spanish ,Services: N/A. Cost:N/A,Religious Institutions 
First Church In Roxbury ,"10 Putnam Street Roxbury, MA 02119",www.uuum.org,617-318-6010,,,English ,Services: N/A. Cost:N/A,Religious Institutions 
First Haitian Church in Dorchester,"397 Blue Hill Ave, Dorchester MA 02121",,617-427-4103,,,English ,Services: N/A. Cost:N/A,Religious Institutions 
First Parish Church in Dorchester ,10 Parish St. Dorchester MA 02122,firstparishdorchester.org,617-436-0527,,,English ,Services: N/A. Cost:N/A,Religious Institutions 
Garden Of Prayer Cogic ,"84 Blue Hil Ave, Roxbury, MA 02119",,,,,English ,Services: N/A. Cost:N/A,Religious Institutions 
Global Reach Evangelical Missionary Church ,"95 Freeport Street, Suite 2, Dorchester, MA 02122",hcfboston.com,,,,English ,Services: N/A. Cost:N/A,Religious Institutions 
Good Shephard Church Of God ,Po Box 191129 Roxbury MA 02119,,617-445-6016,,,English ,Services: N/A. Cost:N/A,Religious Institutions 
Grace & Hope Missionary Church ,"1900 Columbus Avenue Roxbury, MA 02119",,,,,English ,Services: N/A. Cost:N/A,Religious Institutions 
Heart Change Fellowship,906 Albany St. Roxbury MA 02119,hcfboston.com,,,,English ,Services: N/A. Cost:N/A,Religious Institutions 
Holy Tabernacle Church Of God In Christ Apostolic,"70 Washington St, Dorchester, MA 02121",www.holytab.org,617-427-8510 --or- 617-427-8022,,,English ,"MON: 7:00-8:30pm. Support Group TUES: Noon-1:00 pm - Hour of Faith, Prayer and Power 7:30 pm - Evening Worship Service WED: 6:00pm Prayer and Intercession 7:00pm - Bible Study THUR: Noon-1:00pm Hour of Faith, Prayer and Power FRI: 6:30 pm Youth Night Out' 1st & 3rd Fridays SAT: 10:00am Christian Education. Cost:N/A",Religious Institutions 
Holy Temple Church ,"14 Lambert Avenue Roxbury,MA 02119",,617-445-2990,,,English ,Services: N/A. Cost:N/A,Religious Institutions 
Houe Of Judah Ministries ,"26 Waumbeck St, Roxbury, MA 02119",,,,,English ,Services: N/A. Cost:N/A,Religious Institutions 
"Iglesia Defendsores De La Fe, Segunda","428 Blue Hill Ave, Roxbury, MA 02130-2600",,,,,English & Spanish ,Services: N/A. Cost:N/A,Religious Institutions 
Iglesia Samria Evangelica,"367 Dudley St, Roxbury MA 02119",,617-541-9117,,,English & Spanish ,Services: N/A. Cost:N/A,Religious Institutions 
Jesus Help Baptist Church ,"165 Blue Hill Avenue Roxbury, MA 02119",,617-442-3133,,,English ,Services: N/A. Cost:N/A,Religious Institutions 
Life Changing Evangelistic ,"166 Blue Hill Avenue Roxbury, MA 02119",,617-442-3134,,,English ,Services: N/A. Cost:N/A,Religious Institutions 
Lucy Stone House (Uu Community Cooperatives),28 Moreland St Boston MA 02119,uucommunitycoops.org/lsc,,,,English ,Services: N/A. Cost:N/A,Religious Institutions 
Manning Temple Holy Church Of Love ,"36 Lawrence Ave, Boston MA 02121",,617-442-7573,,,English ,Services: N/A. Cost:N/A,Religious Institutions 
Margaret Moseley House (Uu Community Cooperatives) ,89 Munroe St Boston MA 02119,uucommunitycoops.org/margaret-moseley-cooperative,617-238-5051,,,English ,Services: N/A. Cost:N/A,Religious Institutions 
Masjid-Al-Quran,"35 Intervale Street, Dorchester , MA 02121",,,,,English ,Services: N/A. Cost:N/A,Religious Institutions 
Mosque For Praising Allah ,"724 Shawmut Ave, Boston, MA 02119",www.mosquepraiseallah.com,617-442-2805,,,English ,Services: N/A. Cost:N/A,Religious Institutions 
Mount Calvary Holy Church Of America ,"9 Otisfield St, Roxbury, MA 02121",,617-427-7596,,,English ,Services: N/A. Cost:N/A,Religious Institutions 
Muhammad's Mosque #11,"10 Washington St, Dorchester, MA 02121",,617-442-6082,,,English ,Services: N/A. Cost:N/A,Religious Institutions 
New Faith Missionary Baptist Church ,"66 Geneva Ave, Dorchester MA 02121",,617-445-8200,,,English ,Services: N/A. Cost:N/A,Religious Institutions 
New Life Resurrection Baptist Church ,"27 Howland St, Roxburym MA 02121",,617-442-8398,,,English ,Services: N/A. Cost:N/A,Religious Institutions 
New Vision Church International ,"232 Columbia Road, Dorchester, MA 02121",,,,,English ,Services: N/A. Cost:N/A,Religious Institutions 
Nueva Vida ,"263 Eustic St., Roxbury, MA 02119",,,,,English & Spanish ,Services: N/A. Cost:N/A,Religious Institutions 
Pabellon De La Fe Church ,"3134 Washington St, Roxbury MA 02119",,,,,English & Spanish ,Services: N/A. Cost:N/A,Religious Institutions 
Pleasant Hill Baptist Church,"155 Humboldt Ave, Dorchester MA 02121",,617-427-0905,,,English ,Services: N/A. Cost:N/A,Religious Institutions 
Presbyterian Church Of Roxbury ,"328 Warren Street Roxbury, MA 02119",www.roxburypresbyterianchurch.org,617-445-2116,,,English ,Sundays 11:00am. Cost: N/A,Religious Institutions 
Prima Iglesia De Jesus Christo,"547 Dudley St, Roxbury Ma 02119",,617-427-2718,,,English & Spanish ,Services: N/A. Cost:N/A,Religious Institutions 
Purpose Living Restoration Ministries ,"165 Blue Hill Avenue Roxbury, MA 02119",,,,,English ,Services: N/A. Cost:N/A,Religious Institutions 
Refuge Church Of Christ ,"46 Millmont Street, Roxbury MA 02119",,617-445=3878,,,English ,Services: N/A. Cost:N/A,Religious Institutions 
Refuge Temple Church of Jesus Christ Apostolic ,"37 Winthrop Street Roxbury, MA 02119",,617-427-3399,,,English ,Services: N/A. Cost:N/A,Religious Institutions 
Resurrection Lutheran Church,"94 Warren St, Boston, MA 02119",,617-427-2066,,,English ,Services: N/A. Cost:N/A,Religious Institutions 
Rising Star Pentecostal Church ,"2 Otisfield Street, Boston, MA 02121",,617-541-4335,,,English ,Services: N/A. Cost:N/A,Religious Institutions 
Saint Josephs Church ,"85 Regent Street, Roxbury, MA 02119",,617-442-0900,,,English ,Services: N/A. Cost:N/A,Religious Institutions 
Saint Paul Church Of God In Christ ,"236 Blue Hill Aveune Roxbury, MA 02119",,617-445-8957,,,English ,Services: N/A. Cost:N/A,Religious Institutions 
Salem Hispanic Seventh Day Adventist Church ,"46 Forest St, Roxbury, MA 02119",,617-427-6631,,,English ,Services: N/A. Cost:N/A,Religious Institutions 
Sermon On The Mount Baptist Church ,"147 Moreland Street, Roxbury, MA 02119",,617-445-9961,,,English ,Services: N/A. Cost:N/A,Religious Institutions 
Southern Baptist Church ,"29 Winthrop Street, Roxbury, MA 02119",,617-445-6354,,,English ,Services: N/A. Cost:N/A,Religious Institutions 
St Mark Congregational Church ,"200 Townsend St, Dorchster, MA 02121",www.macucc.org,617-442-0481,,,English ,Services: N/A. Cost:N/A,Religious Institutions 
St Mary Of The Angels Church ,"377 Walnut Ave, Roxbury MA 02119",www.rc.net/boston/stmaryoftheangels,617-445-1524,,,English & Spanish ,Sunday at 9:00 AM in English. Sunday at 11:00 AM in Spanish. Cost:N/A,Religious Institutions 
St Patrick's ,"10 Magazine St, Roxbury, MA 02119",www.saintpatricksroxbury.com,617-445-7645,,,"English, Cape Verdean & Spanish",Sunday at 9:30 AM in Cape Verdean Sunday at 10:45 AM. Sunday at 12:00 PM in Spanish. Cost:N/A,Religious Institutions 
St. James African Orthodox Church,"50 Cedar St, Roxbury, MA 02119",,617-445-5698,,,English ,Services: N/A. Cost:N/A,Religious Institutions 
St John Missionary Baptist Church,"230 Warren St, Roxbury, MA 02119",www.sjmb.bos.org,617-427-5205,,,English ,Sunday School 9:00. Monday Worship 11:00am. Cost: N/A,Religious Institutions 
St. Katherine Drexel ,"517 Blue Hill Ave, Boston, MA ",,617-445-8915,,,English ,Services: N/A. Cost:N/A,Religious Institutions 
St Mark Episcopal Church ,"73 Columbia Rd, Boston MA 02121",,617-436-4319,,,English ,Services: N/A. Cost:N/A,Religious Institutions 
St Mark Pentecostal House Of Prayer For All People ,"99 Wayland St, Boston, MA 02125",,617-442-8338,,,English ,Services: N/A. Cost:N/A,Religious Institutions 
St Patricks Catholic Church ,"400 Dudley St, Roxbury, MA 02119",www.saintpatricksroxbury.com,,,,English/Spanish & Portuguese,"English: Saturday- 4:30 PM, Sunday-10:45AM. Spanish:Sunday-12:00 PM. Cape Verdean: Saturday-^:00pm, Sunday- 9:30AM. Cost:N/A",Religious Institutions 
Strong Tower Church ,"115 Warren Street, Roxbury, MA 02119",,,,,English ,Services: N/A. Cost:N/A,Religious Institutions 
Tabernacle Of Prayer Apostolic Church,"26 Winthrop St, Roxbury, MA 02119",,617-323-4550,,,English ,Services: N/A. Cost:N/A,Religious Institutions 
"The Apostolic Church International, Usa, Boston Assembly","62 Batchelder St, Roxbury, MA 02119",tacboston.org,617-541-0266,,,English ,Youth Service: 9am-10:15. Cost:N/A,Religious Institutions 
The Eliot Congregational Church Of Roxbury ,"56 Dale St, Roxbury, MA 02119",eliotroxbur.org,617-445-7525,,,English ,Sundays 11:00am. Cost: N/A,Religious Institutions 
Timothy Baptist Church ,"35 Highland Avenue, Roxbury MA 02119",www.timothybaptistchurchma.com,617-445-3820,,,English ,Sunday School 9:30am. Morning Worship 11:00am. Cost: N/A,Religious Institutions 
Twelfth Baptist Church ,"150 Warren Street Roxbury, MA 02119",www.tbcboston.org,617-442-7855,,,English ,Sundays 10:45am. Cost:N/A,Religious Institutions 
Unitarian Universalist Association,"24 Farnsworth St, Boston, MA 02210",,617-742-2100,,,English ,Services: N/A. Cost:N/A,Religious Institutions 
United Community Church ,"116 Roxbury Street, Roxbury MA 02119",,617-427-8192,,,English ,Services: N/A. Cost:N/A,Religious Institutions 
United House Of Prayer ,"206 Seaver St, Dorchester MA 02121",,617-442-0105,,,English ,Services: N/A. Cost:N/A,Religious Institutions 
Warren Street Baptist Church ,"334 Warren Street, Roxbury, MA",,617-427-1715,,,English ,Services: N/A. Cost:N/A,Religious Institutions 
Word Of Life Tabernacle ,"120 Amory Street, Roxbury, MA 02119",,617-514-4080,,,English ,Services: N/A. Cost:N/A,Religious Institutions 
Zion Fire Bapitzed Holiness Church Of God of The Amercias,"165 Dudley St, Roxbury MA 02119",,617-442-5948,,,English ,Services: N/A. Cost:N/A,Religious Institutions 
BC High- Jesuit High School Boston,Barry Hynes (President's assistant) 150 Morrissey Boulevard Boston MA 02125,www.bchigh.edu/home,617-275-6078,,bhynes@bchigh.edu,English ,Services and justice initiatives (part of curriculum) Cost:N/A,Schools
Boston Day & Evening Academy (BDEA) Wheatley Building ,"20 Kearsage Ave, Roxbury MA 02119",www.bacademy.org,,,,English ,"Boston Day and Evening Academy re-engages off-track students in their education preparing them for high school graduation, post-secondary sucess and meaningful participation in their community. Cost: N/A ",Schools
Boston Latin Academy ,"205 Townsend Street, Boston, 02121",latinacademy.org ,617-635-9957,,,English ,Grades 7-12. The mission of Boston Latin Academy is to prepare students for higher academic study by challenging them with rigorous curriculum. Cost:N/A,Schools
Community Academy of Science and Health,"11 Charles St, Dorchester, MA 02122",www.bostonpublicschools.org/cash,617-635-8950,,,English ,C.A.S.H is a community-empowered Academy that prepareds studetns from diverse backgrounds to pursue advanced studies and careers inthe fields of science and health. Cost:N/A,Schools
Dearborn 6-12 - Burke High School Bldg. ,"60 Washington St. Dorchester, MA 02121",dearbornstemacademy.org,617-635-8412,,,English & Creole,"Grades 6-12. Dearborn prepares students for the ever-evolving landscape of college, career and life opportunitis engaging them in tasks that are modeled upon what professionals do in their fields. Cost:N/A",Schools
Dr. Williams W. Henderson K-12 Inclusion School ,1669 Dorchester Ave. Dorchester MA 02122,www.bostonpublicschools.org/page/829,617-635-8725,,,English ,"The Henderson is Boston's only fully inclusive K-12 school. Students involved in general education, students with disabilities, and students considered talents and gifted learn together and from each other. Teachers and support staff team to help children learn and succeed. We offer a comprehensive curriculum with enriched arts experiences. Our greatest achievement is the progress of our students as demonstrated by the quality of their wor, positive interactions, art displays, performances. Cost:N/A",Schools
Jeremiah E. Burke High School,"60 Washington St. Dorchester, MA 02121",www.jebhs.org,617-635-9837,,,English ,The Mission of the Burke High School is to encourage a rigorous pursuit of academic excellence and social development to promote life-long learning and realize the personal goals and ambitions of all students. Cost:N/A,Schools
Central Boston Elder Services ,"2315 Washington Street Roxbury, MA 02119",,617-277-7416,,,English ,Helps Boston area seniors remain in their homes by providing short and long-term care. Programs and services are offered to help seniors remain self-sufficient and are available to residents living in Allston and other Boston towms in Boston. Cost:N/A,Senior Services
Nuestra Communidad,"56 Warren Steet Boston, MA 02119",www.nuestracdc.org,617-427-3599 -or- 617-989-0894,,,English ,"Housing Resource Services Programs: This program provides outreach, information and assitance, advocacy and placement services to homeless elders, at-risk elders and grandparents raising grandchildren. Cost:N/A",Senior Services
Bird Street Community Center,"500 Columbia Rd. Dorchester, MA 02125",www.birdstreet.org,Alicia Linton: 617-282-6110,,alinton@birdstreet.org,English ,"Youth Development Programs: Workforce Development, Athletics & Recreations, Personal Development & Support and Academics. Cost:Low Cost",Youth Services
Boston Center for Youth and Families ,"1483 Tremont Street Boston, MA 02120",www.boston.gov/departments/boston-centers-youth-families,617-635-4920,,BCYF@cityofboston.gov,"English, Spanish, Haitian Creole, Portuguese & Vietnamese","Adult Education, Afterschool Programs, Aquatics, Camp Joy, Girls Initiative, Streetworker Program, Summer Programs & Teen Programs.  ",Youth Services
Boston Public Libraries,,www.bpl.org/branches/indexbyneighborhood.html,BPL Directory: 617-536-5400 Barbara Rhodes: 617-859-2325,,,English ,"Homework Help is in session through May 25, 2017, Monday-Thursday, 3:30-5:30 p.m, at most branches. Please contactyour branch to inquire about their Homework Help schedule. No registration is required. Cost:Free",Youth Services
Boston Youth Zone,"1483 Tremont St Roxbury, MA 02120",www.youth.boston.gov,617-635-4202,,,English ,Summer emplyment Youth mentoring programs Lifeguard training. Cost:N/A,Youth Services
Catholic Charities/ Tenn Center,"Teen Center at St. Peter's 278 Bowdoin St. Dorchester, MA 02122",http://www.ccab.org/?q=TeenCenter,617-282-3614,,,"English, Cape Verdean Creole","Tutoring, and mentoring Serve children grades 7-12 After school programs 2pm-9pm, Summer programs 6am-11pm, summer camp. Cost:N/A",Youth Services
"Community Rowing, INC.","Tiffany Macon 20 Nonantum Road Brighton, MA 02135",www.communityrowing.org,617-779-8277,,,English,"Year round program to improve academic achievement. Dsigned for middle schools to add rowing to PE. (4-6wk programs, row machines, boathouse field trips) Free Summer camps. Cost:N/A",Youth Services
Enhancing Potential Inspiring Change (EPIC),,www.jhextramile.com/introducing-epic-enhancing-potential-inspiring-change,Program Director Melisa Canuto 617-516-5403,,mcanute@bgcd.org,English,"Partnership between the Mayor's office of Public Safety and John Hancock Boys and Girls Club (BGCB's YouthConnect). 12 month program, aimed at increasing self-awareness, and confidence. 11-14year olds. Curriculum is focused on career exploration, cultivating leadership, with supportive community based services. (Free of Charge) Summer programs, and bi-weekly workshops during the school year. Monetary stipend of $800 for positive participation and attendance. Cost:N/A",Youth Services
Inquilinos Boricuas en Accion (IBA),"405 Shawmut Ave.,Boston, MA 02118",ibaboston.org,617-927-1707,,info@ibaboston.org,English & Spanish ,"Programs: Preschool Porgram, Afterschool & Summer Learning, Youth Development, College and Workforce, Arts Program, Resident Services, Community Technology Center & Sustainable Housing. Cost:N/A",Youth Services
Northern Essex Community College,"360  Merrimack Street Building 9, Entry K, 3rd Floor Lawrence, MA 01843",www.necc.mass.edu/academics/prep/adult-literacy/programs-offered/transition-programs/,Lynn Ricketts-Program Coordinator: 978-659-1272 Lynda MacDonald- Educational and Career Advisor: 978-659-1284,,mricketss@nexx.mass.edu imacdonald1@necc.mass.edu,English ,ABE Transition to College Program. Cost:Free,Youth Services
Y.O. Unlimited ,"7 Palmer Street, Roxbury, MA 02119",www.youboston.org,617-541-2600,,,English ,YOU Boston provides a positive social environment for young people to develop and access professional and academic networks. Cost:N/A,Youth Services